<?xml version="1.0" encoding="UTF-8" standalone="yes"?>
<addon id="repository.supremebuilds" name="Supreme Builds Repository" version="1.0.0" provider-name="KodiSkills">
    <extension point="xbmc.addon.repository" name="Supreme Builds Repository">
        <info>https://raw.githubusercontent.com/kodiskills/supremebuildsrepo/master/addons.xml</info>
        <checksum>https://raw.githubusercontent.com/kodiskills/supremebuildsrepo/master/addons.xml.md5</checksum>
        <datadir zip="true">https://github.com/kodiskills/supremebuildsrepo/raw/master/zips</datadir>
    </extension>
    <extension point="xbmc.addon.metadata">
        <summary>All Official Supreme Builds Content Is Here</summary>
        <description>Official Repository Of The Supreme Builds Team</description>
        <disclaimer>Supreme Builds Hosts No Content</disclaimer>
        <platform>all</platform>
    </extension>
</addon>